<xsd xmlns='http://microsoft.com/dotnet/tools/xsd/' output='output'>
    <generateClasses language='CS' namespace='Sif.Specification.Infrastructure'>
        <schema>input\alert.xsd</schema>
        <schema>input\codeset.xsd</schema>
		<schema>input\Collections.xsd</schema>
        <schema>input\createresponse.xsd</schema>
        <schema>input\deleterequest.xsd</schema>
        <schema>input\deleteresponse.xsd</schema>
        <schema>input\environment.xsd</schema>
        <schema>input\infrastructurecommontypes.xsd</schema>
		<schema>input\job.xsd</schema>
        <schema>input\namespace.xsd</schema>
        <schema>input\provider.xsd</schema>
        <schema>input\provisionrequest.xsd</schema>
        <schema>input\queue.xsd</schema>
        <schema>input\subscription.xsd</schema>
        <schema>input\updateresponse.xsd</schema>
        <schema>input\utilities.xsd</schema>
        <schema>input\xquery.xsd</schema>
        <schema>input\zone.xsd</schema>
    </generateClasses>
</xsd>
