﻿<?xml version="1.0"?>
<environment xmlns="http://www.sifassociation.org/infrastructure/3.2" type="DIRECT">
  <defaultZone id="Sif3DemoZone1">
    <description>SIF3 demo default zone</description>
  </defaultZone>
  <infrastructureServices>
    <infrastructureService name="environment">http://localhost:62921/api/environments</infrastructureService>
    <infrastructureService name="requestsConnector">http://localhost:50617/api</infrastructureService>
    <infrastructureService name="servicesConnector">http://localhost:50617/services</infrastructureService>
    <infrastructureService name="provisionRequests">http://localhost:62921/api/provision</infrastructureService>
    <infrastructureService name="queues">http://localhost:62921/api/queues</infrastructureService>
    <infrastructureService name="subscriptions">http://localhost:62921/api/subscriptions</infrastructureService>
  </infrastructureServices>
  <provisionedZones>
    <provisionedZone id="Sif3DemoZone1">
      <services>
        <service name="StudentPersonals" contextId="DEFAULT" type="OBJECT">
          <rights>
            <right type="QUERY">APPROVED</right>
            <right type="CREATE">REJECTED</right>
            <right type="UPDATE">REJECTED</right>
            <right type="DELETE">REJECTED</right>
            <right type="PROVIDE">REJECTED</right>
            <right type="SUBSCRIBE">SUPPORTED</right>
            <right type="ADMIN">REJECTED</right>
          </rights>
        </service>
        <service name="SchoolInfos" contextId="DEFAULT" type="OBJECT">
          <rights>
            <right type="QUERY">APPROVED</right>
            <right type="CREATE">REJECTED</right>
            <right type="UPDATE">REJECTED</right>
            <right type="DELETE">REJECTED</right>
            <right type="PROVIDE">REJECTED</right>
            <right type="SUBSCRIBE">SUPPORTED</right>
            <right type="ADMIN">REJECTED</right>
          </rights>
        </service>
        <service name="StudentSchoolEnrollments" contextId="DEFAULT" type="OBJECT">
          <rights>
            <right type="QUERY">APPROVED</right>
            <right type="CREATE">REJECTED</right>
            <right type="UPDATE">REJECTED</right>
            <right type="DELETE">REJECTED</right>
            <right type="PROVIDE">REJECTED</right>
            <right type="SUBSCRIBE">SUPPORTED</right>
            <right type="ADMIN">REJECTED</right>
          </rights>
        </service>
      </services>
    </provisionedZone>
    <provisionedZone id="Sif3DemoZone2">
      <services>
        <service name="StudentPersonals" contextId="DEFAULT" type="OBJECT">
          <rights>
            <right type="QUERY">APPROVED</right>
            <right type="CREATE">REJECTED</right>
            <right type="UPDATE">REJECTED</right>
            <right type="DELETE">REJECTED</right>
            <right type="PROVIDE">REJECTED</right>
            <right type="SUBSCRIBE">SUPPORTED</right>
            <right type="ADMIN">REJECTED</right>
          </rights>
        </service>
      </services>
    </provisionedZone>
  </provisionedZones>
</environment>
