﻿<?xml version="1.0" encoding="utf-8" ?>
<hibernate-configuration xmlns="urn:nhibernate-configuration-2.2">
  <session-factory>

    <!-- SQLite specific properties -->
    <property name="connection.connection_string">Data Source=|DataDirectory|\..\..\..\..\Data\Databases\SQLite\SifFrameworkDatabase.db;Version=3</property>
    <property name="connection.driver_class">NHibernate.Driver.SQLite20Driver</property>
    <property name="dialect">NHibernate.Dialect.SQLiteDialect</property>
    <property name="query.substitutions">true=1;false=0</property>

    <!-- SQL Server LocalDB specific properties -->
    <!-- 
    <property name="connection.connection_string">Server=(localdb)\v11.0;Integrated Security=true;AttachDbFileName=C:\Users\user\Documents\GitHub\Sif3Framework-dotNet\Data\Databases\LocalDB\SifFrameworkDatabase.mdf;</property>
    <property name="connection.driver_class">NHibernate.Driver.SqlClientDriver</property>
    <property name="dialect">NHibernate.Dialect.MsSql2008Dialect</property>
    <property name="hbm2ddl.keywords">auto-quote</property>
    -->

    <!-- SQL Server specific properties -->
    <!-- 
    <property name="connection.connection_string">Server=machine_name\SQLEXPRESS;Database=SifFrameworkDatabase;Trusted_Connection=True;</property>
    <property name="connection.driver_class">NHibernate.Driver.SqlClientDriver</property>
    <property name="dialect">NHibernate.Dialect.MsSql2008Dialect</property>
    <property name="hbm2ddl.keywords">auto-quote</property>
    -->

    <!-- Oracle specific properties -->
    <!-- 
    <property name="connection.connection_string">User ID=nhibernate;Password=nhibernate;Data Source=localhost</property>
    <property name="connection.driver_class">NHibernate.Driver.OracleClientDriver</property>
    <property name="dialect">NHibernate.Dialect.OracleDialect</property>
    <property name="query.substitutions">true 1, false 0, yes 'Y', no 'N'</property>
    -->

    <!-- MySQL specific properties -->
    <!-- 
    <property name="connection.connection_string">Database=test;Data Source=someip;User Id=blah;Password=blah</property>
    <property name="connection.driver_class">NHibernate.Driver.MySqlDataDriver</property>
    <property name="dialect">NHibernate.Dialect.MySQLDialect</property>
    -->

    <!-- Properties that are not specific to a database type -->
    <property name="show_sql">false</property>
    <!-- Mapping files -->
    <mapping assembly="Sif.Framework"/>
  </session-factory>
</hibernate-configuration>
