﻿<?xml version="1.0"?>
<environment xmlns="http://www.sifassociation.org/infrastructure/3.2">
  <solutionId>Sif3UsDemoSolution</solutionId>
  <authenticationMethod>Basic</authenticationMethod>
  <instanceId></instanceId>
  <userToken></userToken>
  <consumerName>Sif3UsDemoK12StudentConsumer</consumerName>
  <applicationInfo>
    <applicationKey>Sif3UsDemoApp</applicationKey>
    <supportedInfrastructureVersion>3.2</supportedInfrastructureVersion>
    <dataModelNamespace>http://www.sifassociation.org/datamodel/na/3.2</dataModelNamespace>
    <transport>REST</transport>
  </applicationInfo>
</environment>
