﻿<?xml version="1.0"?>
<environment xmlns="http://www.sifassociation.org/infrastructure/3.2">
  <solutionId>ukTestSolution</solutionId>
  <authenticationMethod>Basic</authenticationMethod>
  <instanceId></instanceId>
  <userToken></userToken>
  <consumerName>Sif3DemoApp</consumerName>
  <applicationInfo>
    <applicationKey>Sif3DemoApp</applicationKey>
    <supportedInfrastructureVersion>3.2</supportedInfrastructureVersion>
    <dataModelNamespace>http://www.sifassociation.org/uk/datamodel/2.0</dataModelNamespace>
    <transport>REST</transport>
  </applicationInfo>
</environment>
